{
    "Welcome to Laravel!": "Willkommen bei Laravel!",
    "Blog Posts": "Blogeinträge",
    "Add": "Hinzufügen",
    "Home": "Zuhause",
    "Contact": "Kontakt",
    "Register": "Registrieren",
    "Login": "Anmeldung",
    "Logout": "Ausloggen",
    "Most Commented": "Am meisten kommentiert",
    "Most Active": "Am aktivsten",
    "Most Active Last Month": "Am aktivsten im letzten Monat",
    "What people are currently talking about": "Worüber die Leute gerade sprechen",
    "Writers with most posts written": "Autoren mit den meisten geschriebenen Beiträgen",
    "Users with most posts written in the month": "Nutzer mit den meisten Beiträgen im Monat",
    "Added": "Hinzugefügt",
    "Updated": "Aktualisierte",
    "by": "durch",
    "Comments": "Bemerkungen",
    "Sign-in": "Einloggen",
    "to post comments!": "Kommentare zu posten!",
    "Hello this is contact!": "Hallo das ist Kontakt!",
    "E-mail": "Email",
    "Password": "Passwort",
    "Remember me": "Erinnere dich an mich",
    "Login!": "Anmeldung!",
    "Title": "Titel",
    "Content": "Inhalt",
    "Thumbnail": "Miniaturansicht",
    "Create!": "Erstellen!",
    "Add comment": "Einen Kommentar hinzufügen",
    "Name:": "Name:",
    "Upload a different photo": "Laden Sie ein anderes Foto hoch",
    "Save changes": "Änderungen speichern",
    "Profile": "Profil",
    "Edit Profile": "Profil bearbeiten",
    "Brand new Post!": "Nagelneuer Beitrag!",
    "Edit": "Bearbeiten",
    "Delete!": "Löschen!",
    "No blog posts yet!": "Noch keine Blog-Beiträge!",
    "Update!": "Aktualisieren!"
}
