{
    "Welcome to Laravel!": "Welcome to Laravel!",
    "Blog Posts": "Blog Posts",
    "Add": "Add",
    "Home": "Home",
    "Contact": "Contact",
    "Register": "Register",
    "Login": "Login",
    "Logout": "Logout",
    "Most Commented": "Most Commented",
    "Most Active": "Most Active",
    "Most Active Last Month": "Most Active Last Month",
    "What people are currently talking about": "What people are currently talking about",
    "Writers with most posts written": "Writers with most posts written",
    "Users with most posts written in the month": "Users with most posts written in the month",
    "Added": "Added",
    "Updated": "Updated",
    "by": "by",
    "Comments": "Comments",
    "Sign-in": "Sign-in",
    "to post comments!": "to post comments!",
    "Hello this is contact!": "Hello this is contact!",
    "E-mail": "E-mail",
    "Password": "Password",
    "Remember me": "Remember me",
    "Login!": "Login!",
    "Title": "Title",
    "Content": "Content",
    "Thumbnail": "Thumbnail",
    "Create!": "Create!",
    "Add comment": "Add comment",
    "Name:": "Name:",
    "Upload a different photo": "Upload a different photo",
    "Save changes": "Save changes",
    "Profile": "Profile",
    "Edit Profile": "Edit Profile",
    "Brand new Post!": "Brand new Post!",
    "Edit": "Edit",
    "Delete!": "Delete!",
    "No blog posts yet!": "No blog posts yet!",
    "Update!": "Update!"
} 
