{
    "Welcome to Laravel!": "¡Bienvenido a Laravel!",
    "Blog Posts": "Publicaciones de blog",
    "Add": "Añadir",
    "Home": "Casa",
    "Contact": "Contacto",
    "Register": "Registro",
    "Login": "Iniciar sesión",
    "Logout": "Cerrar sesión",
    "Most Commented": "Más comentado",
    "Most Active": "Mas activo",
    "Most Active Last Month": "El mes pasado más activo",
    "What people are currently talking about": "Lo que la gente está hablando actualmente",
    "Writers with most posts written": "Escritores con más publicaciones escritas",
    "Users with most posts written in the month": "Usuarios con más publicaciones escritas en el mes",
    "Added": "Adicional",
    "Updated": "Actualizado",
    "by": "por",
    "Comments": "Comentarios",
    "Sign-in": "Registrarse",
    "to post comments!": "para publicar comentarios!",
    "Hello this is contact!": "Hola este es el contacto!",
    "E-mail": "Email",
    "Password": "Contraseña",
    "Remember me": "Recuérdame",
    "Login!": "¡Iniciar sesión!",
    "Title": "Título",
    "Content": "Contenido",
    "Thumbnail": "Miniatura",
    "Create!": "¡Crear!",
    "Add comment": "Agregar comentario",
    "Name:": "Nombre:",
    "Upload a different photo": "Sube una foto diferente",
    "Save changes": "Guardar cambios",
    "Profile": "Perfil",
    "Edit Profile": "Editar perfil",
    "Brand new Post!": "Nuevo post!",
    "Edit": "Editar",
    "Delete!": "Borrar!",
    "No blog posts yet!": "Aún no hay publicaciones en el blog!",
    "Update!": "Actualizar!"
}
